INSERT INTO MEALKIT (MEALKIT_ID, NAME)
VALUES (UUID(), '불고기 밀키트'),
       (UUID(), '김치찌개 밀키트'),
       (UUID(), '된장찌개 밀키트'),
       (UUID(), '비빔밥 밀키트'),
       (UUID(), '샤브샤브 밀키트');

INSERT INTO KIT_COMPANY (KIT_COMPANY_ID, NAME, ADDRESS)
VALUES (UUID(), '오픈키친', '서울시 강남구'),
       (UUID(), '밀키트컴퍼니', '서울시 서초구'),
       (UUID(), '요리조리', '서울시 송파구'),
       (UUID(), '하이키친', '서울시 마포구'),
       (UUID(), '푸드마트', '서울시 강동구');


INSERT INTO PRODUCT_COMPANY (PRODUCT_COMPANY_ID, NAME, ADDRESS)
VALUES (UUID(), '농심공장', '경기도 평택시'),
       (UUID(), '청정원식품', '충청북도 청주시'),
       (UUID(), 'CJ제일제당', '서울시 영등포구'),
       (UUID(), '대상식품', '서울시 중구'),
       (UUID(), '풀무원식품', '경기도 고양시');

INSERT INTO SOURCE (SOURCE_ID, NAME)
VALUES (UUID(), '소고기'),
       (UUID(), '돼지고기'),
       (UUID(), '김치'),
       (UUID(), '된장'),
       (UUID(), '두부'),
       (UUID(), '버섯'),
       (UUID(), '당근'),
       (UUID(), '양파'),
       (UUID(), '애호박');

INSERT INTO SOURCE_PRICE (SOURCE_PRICE_ID, PRODUCT_COMPANY_ID, SOURCE_ID, PRICE)
VALUES (UUID(), (SELECT PRODUCT_COMPANY_ID FROM PRODUCT_COMPANY WHERE NAME = '농심공장'),
        (SELECT SOURCE_ID FROM SOURCE WHERE NAME = '소고기'), 5000),
       (UUID(), (SELECT PRODUCT_COMPANY_ID FROM PRODUCT_COMPANY WHERE NAME = '청정원식품'),
        (SELECT SOURCE_ID FROM SOURCE WHERE NAME = '돼지고기'), 3000),
       (UUID(), (SELECT PRODUCT_COMPANY_ID FROM PRODUCT_COMPANY WHERE NAME = 'CJ제일제당'),
        (SELECT SOURCE_ID FROM SOURCE WHERE NAME = '김치'), 2000),
       (UUID(), (SELECT PRODUCT_COMPANY_ID FROM PRODUCT_COMPANY WHERE NAME = '대상식품'),
        (SELECT SOURCE_ID FROM SOURCE WHERE NAME = '된장'), 1500),
       (UUID(), (SELECT PRODUCT_COMPANY_ID FROM PRODUCT_COMPANY WHERE NAME = '풀무원식품'),
        (SELECT SOURCE_ID FROM SOURCE WHERE NAME = '두부'), 1000);

INSERT INTO KIT_TOTAL_PRICE (KIT_TOTAL_PRICE_ID, MEALKIT_ID, PURCHASER_PRICE, SALES_PRICE)
VALUES (UUID(), (SELECT MEALKIT_ID FROM MEALKIT WHERE NAME = '불고기 밀키트'), 10000, 15000),
       (UUID(), (SELECT MEALKIT_ID FROM MEALKIT WHERE NAME = '김치찌개 밀키트'), 8000, 12000),
       (UUID(), (SELECT MEALKIT_ID FROM MEALKIT WHERE NAME = '된장찌개 밀키트'), 7000, 11000),
       (UUID(), (SELECT MEALKIT_ID FROM MEALKIT WHERE NAME = '비빔밥 밀키트'), 9000, 13000),
       (UUID(), (SELECT MEALKIT_ID FROM MEALKIT WHERE NAME = '샤브샤브 밀키트'), 15000, 20000);


INSERT INTO KIT_SOURCE_PRICE (KIT_SOURCE_PRICE_ID, MEALKIT_ID, SOURCE_PRICE_ID, QUENTITY)
VALUES (UUID(), (SELECT MEALKIT_ID FROM MEALKIT WHERE NAME = '불고기 밀키트'),
        (SELECT SOURCE_PRICE_ID FROM SOURCE_PRICE WHERE PRICE = 5000), 1),
       (UUID(), (SELECT MEALKIT_ID FROM MEALKIT WHERE NAME = '김치찌개 밀키트'),
        (SELECT SOURCE_PRICE_ID FROM SOURCE_PRICE WHERE PRICE = 2000), 2),
       (UUID(), (SELECT MEALKIT_ID FROM MEALKIT WHERE NAME = '된장찌개 밀키트'),
        (SELECT SOURCE_PRICE_ID FROM SOURCE_PRICE WHERE PRICE = 1500), 1),
       (UUID(), (SELECT MEALKIT_ID FROM MEALKIT WHERE NAME = '비빔밥 밀키트'),
        (SELECT SOURCE_PRICE_ID FROM SOURCE_PRICE WHERE PRICE = 1000), 2),
       (UUID(), (SELECT MEALKIT_ID FROM MEALKIT WHERE NAME = '샤브샤브 밀키트'),
        (SELECT SOURCE_PRICE_ID FROM SOURCE_PRICE WHERE PRICE = 3000), 3);



INSERT INTO STATUS (STATUS_ID, STATUS)
VALUES (1, '처리전'),
       (2, '처리중'),
       (3, '처리후'),
       (4, '배송완료'),
       (5, '취소');

INSERT INTO PRODUCT_ORDER (PRODUCT_ORDER_ID, KIT_SOURCE_PRICE_ID, QUENTITY, STATUS_ID)
VALUES (UUID(), (SELECT KIT_SOURCE_PRICE_ID FROM KIT_SOURCE_PRICE WHERE KIT_SOURCE_PRICE_ID = '특정_ID_1'), 10, 1),
       (UUID(), (SELECT KIT_SOURCE_PRICE_ID FROM KIT_SOURCE_PRICE WHERE KIT_SOURCE_PRICE_ID = '특정_ID_2'), 5, 2),
       (UUID(), (SELECT KIT_SOURCE_PRICE_ID FROM KIT_SOURCE_PRICE WHERE KIT_SOURCE_PRICE_ID = '특정_ID_3'), 7, 3);

INSERT INTO PRODUCT_ORDER_LOG (PRODUCT_ORDER_LOG_ID, PRODUCT_ORDER_ID, STATUS_ID)
VALUES (UUID(), (SELECT PRODUCT_ORDER_ID FROM PRODUCT_ORDER WHERE QUENTITY = 10), 1),
       (UUID(), (SELECT PRODUCT_ORDER_ID FROM PRODUCT_ORDER WHERE QUENTITY = 5), 2),
       (UUID(), (SELECT PRODUCT_ORDER_ID FROM PRODUCT_ORDER WHERE QUENTITY = 7), 3);

INSERT INTO KIT_ORDER (KIT_ORDER_ID, KIT_COMPANY_ID, MEALKIT_ID, QUENTITY, STATUS_ID)
VALUES (UUID(), (SELECT KIT_COMPANY_ID FROM KIT_COMPANY WHERE NAME = '오픈키친'),
        (SELECT MEALKIT_ID FROM MEALKIT WHERE NAME = '불고기 밀키트'), 20, 1),
       (UUID(), (SELECT KIT_COMPANY_ID FROM KIT_COMPANY WHERE NAME = '밀키트컴퍼니'),
        (SELECT MEALKIT_ID FROM MEALKIT WHERE NAME = '김치찌개 밀키트'), 15, 1),
       (UUID(), (SELECT KIT_COMPANY_ID FROM KIT_COMPANY WHERE NAME = '요리조리'),
        (SELECT MEALKIT_ID FROM MEALKIT WHERE NAME = '된장찌개 밀키트'), 10, 2);

INSERT INTO KIT_ORDER_LOG (KIT_ORDER_LOG_ID, KIT_ORDER_ID, STATUS_ID)
VALUES (UUID(), (SELECT KIT_ORDER_ID FROM KIT_ORDER WHERE QUENTITY = 20), 1),
       (UUID(), (SELECT KIT_ORDER_ID FROM KIT_ORDER WHERE QUENTITY = 15), 1),
       (UUID(), (SELECT KIT_ORDER_ID FROM KIT_ORDER WHERE QUENTITY = 10), 2);

INSERT INTO ROLE (ROLE_ID, ROLE_NAME)
VALUES (1, 'ADMIN'),
       (2, 'KIT_MANAGER'),
       (3, 'FARM_MANAGER');

INSERT INTO USER (USER_PK, USER_NAME, USER_ID, USER_PASSWORD, USER_EMAIL, USER_TEL, ROLE_ID)
VALUES (UUID(), '김철수', 'chulsoo', 'password123', 'chulsoo@example.com', '010-1234-5678', 1),
       (UUID(), '이영희', 'younghee', 'password456', 'younghee@example.com', '010-2345-6789', 2),
       (UUID(), '박영수', 'youngsoo', 'password789', 'youngsoo@example.com', '010-3456-7890', 3);
